service_account_email,display_name,roles,used_by,purpose
sa-api-gateway@csc323-final.iam.gserviceaccount.com,API Gateway invoker,roles/run.invoker,API Gateway forgespec-gateway,Invokes Cloud Run services behind the API Gateway
sa-build-api@csc323-final.iam.gserviceaccount.com,Build API Service Account,roles/datastore.user;roles/pubsub.publisher;roles/storage.objectCreator,build-api Cloud Run,Reads and writes Firestore builds and metrics; publishes to builds-finalized Pub/Sub topic
sa-benchmark-api@csc323-final.iam.gserviceaccount.com,Benchmark API Service Account,roles/datastore.user;roles/storage.objectAdmin,benchmark-api Cloud Run,Reads and writes Firestore benchmarks; uploads files to forgespec-benchmarks Cloud Storage bucket
sa-bottleneck-analyzer@csc323-final.iam.gserviceaccount.com,Bottleneck Analyzer Service Account,roles/datastore.user;roles/secretmanager.secretAccessor,bottleneck-analyzer Cloud Run,Subscribes to builds-finalized Pub/Sub; reads google-ai-api-key secret; calls Gemini; writes bottleneck assessments and metrics
sa-benchmark-analyzer@csc323-final.iam.gserviceaccount.com,Benchmark Analyzer Service Account,roles/datastore.user;roles/secretmanager.secretAccessor;roles/storage.objectViewer,benchmark-analyzer Cloud Run,Receives Eventarc storage events; reads google-ai-api-key secret; calls Gemini Vision; writes benchmark assessments and metrics
sa-value-optimizer@csc323-final.iam.gserviceaccount.com,Value Optimizer Service Account,roles/datastore.user;roles/secretmanager.secretAccessor,value-optimizer Cloud Run,Subscribes to builds-finalized Pub/Sub; reads parts catalog and google-ai-api-key; calls Gemini; writes optimization assessments and metrics
sa-refresh-parts@csc323-final.iam.gserviceaccount.com,refresh-parts scraper,roles/datastore.user;roles/secretmanager.secretAccessor,refresh-parts Cloud Function,Triggered by Cloud Scheduler nightly; scrapes part pricing; upserts parts collection
sa-parts-api@csc323-final.iam.gserviceaccount.com,Parts API Service Account,roles/datastore.user,parts-api Cloud Run,Reads Firestore parts catalog for the GET /parts endpoint
eventarc-trigger-sa@csc323-final.iam.gserviceaccount.com,Eventarc Trigger Service Account,roles/eventarc.eventReceiver;roles/run.invoker,Eventarc benchmark-upload-trigger,Receives Cloud Storage finalized events and invokes benchmark-analyzer Cloud Run
